INSERT INTO DIRECTORS (Director_ID , D_Name)
VALUES ('0001', 'James Cameron');
INSERT INTO DIRECTORS (Director_ID , D_Name)
VALUES ('0002', 'Steven Spielberg');
INSERT INTO DIRECTORS (Director_ID , D_Name)
VALUES ('0003', 'Gore Verbinski');
INSERT INTO DIRECTORS (Director_ID , D_Name)
VALUES ('0004', 'Leslee Feldman');
INSERT INTO DIRECTORS (Director_ID , D_Name)
VALUES ('0005', 'Joe Russo');
INSERT INTO DIRECTORS (Director_ID , D_Name)
VALUES ('0006', 'Francis Ford Coppola');


INSERT INTO PRODUCTION_COMPANY (PC_ID , P_Name)
VALUES ('0001', 'The Walt Disney Company');
INSERT INTO PRODUCTION_COMPANY (PC_ID , P_Name)
VALUES ('0002', ' Dreamworks');
INSERT INTO PRODUCTION_COMPANY (PC_ID , P_Name)
VALUES ('0003', 'Paramount Pictures');
INSERT INTO PRODUCTION_COMPANY (PC_ID , P_Name)
VALUES ('0004', 'Marvel Studios');
INSERT INTO PRODUCTION_COMPANY (PC_ID , P_Name)
VALUES ('0005', 'Park Circus Films France');


INSERT INTO ACTORS (Actor_ID , A_Name)
VALUES ('0001', 'Leonardo Di Caprio');
INSERT INTO ACTORS (Actor_ID , A_Name)
VALUES ('0002', 'Tom Hanks');
INSERT INTO ACTORS (Actor_ID , A_Name)
VALUES ('0003', 'Kate Winslet');
INSERT INTO ACTORS (Actor_ID , A_Name)
VALUES ('0004', 'Johnny Depp');
INSERT INTO ACTORS (Actor_ID , A_Name)
VALUES ('0005', 'Orlando Bloom');
INSERT INTO ACTORS (Actor_ID , A_Name)
VALUES ('0006', 'Kiera Knightly');
INSERT INTO ACTORS (Actor_ID , A_Name)
VALUES ('0007', 'Jackie Chan');
INSERT INTO ACTORS (Actor_ID , A_Name)
VALUES ('0008', 'Angelina Jolie');
INSERT INTO ACTORS (Actor_ID , A_Name)
VALUES ('0009', 'Jack Black');
INSERT INTO ACTORS (Actor_ID , A_Name)
VALUES ('0010', 'Robert Downy Jr');
INSERT INTO ACTORS (Actor_ID , A_Name)
VALUES ('0011', 'Meryl Streep');
INSERT INTO ACTORS (Actor_ID , A_Name)
VALUES ('0012', 'Chris Evans');
INSERT INTO ACTORS (Actor_ID , A_Name)
VALUES ('0013', 'Chris Hemsworth');
INSERT INTO ACTORS (Actor_ID , A_Name)
VALUES ('0014', 'Scarlett Johansson');
INSERT INTO ACTORS (Actor_ID , A_Name)
VALUES ('0015', 'Gwyneth Paltrow');
INSERT INTO ACTORS (Actor_ID , A_Name)
VALUES ('0016', 'Al Pacino');
INSERT INTO ACTORS (Actor_ID , A_Name)
VALUES ('0017', 'Robert De Niro');
INSERT INTO ACTORS (Actor_ID , A_Name)
VALUES ('0018', 'Talia Shire');
INSERT INTO ACTORS (Actor_ID , A_Name)
VALUES ('0019', 'Jennifer Garner');
INSERT INTO ACTORS (Actor_ID , A_Name)
VALUES ('0020', 'Matt Damon');
INSERT INTO ACTORS (Actor_ID , A_Name)
VALUES ('0021', 'Abigail Breslin');


INSERT INTO MOVIES (Movie_ID , Title , Release_year , Genre , Rating, Director_ID ,
PC_ID)
VALUES ('00001', 'Titanic','1997','Romance','8.0','0001','0003');
INSERT INTO MOVIES (Movie_ID , Title , Release_year , Genre , Rating, Director_ID ,
PC_ID)
VALUES ('00002', 'Saving Private Ryan','1998','Action','8.6','0002','0003');
INSERT INTO MOVIES (Movie_ID , Title , Release_year , Genre , Rating, Director_ID ,
PC_ID)
VALUES ('00003', 'Catch Me If You Can','2002','Drama','8.2','0002','0002');
INSERT INTO MOVIES (Movie_ID , Title , Release_year , Genre , Rating, Director_ID ,
PC_ID)
VALUES ('00004', 'Rango','2011','Adventure','7.6','0003','0001');
INSERT INTO MOVIES (Movie_ID , Title , Release_year , Genre , Rating, Director_ID ,
PC_ID)
VALUES ('00005', 'Pirates of the
Caribbean','2003','Adventure','8.8','0003','0001');
INSERT INTO MOVIES (Movie_ID , Title , Release_year , Genre , Rating, Director_ID ,
PC_ID)
VALUES ('00006', 'Kung Fu Panda','2008','Family','7.4','0004','0002');
INSERT INTO MOVIES (Movie_ID , Title , Release_year , Genre , Rating, Director_ID ,
PC_ID)
VALUES ('00007', 'Avengers','2012','Action','7.2','0005','0004');
INSERT INTO MOVIES (Movie_ID , Title , Release_year , Genre , Rating, Director_ID ,
PC_ID)
VALUES ('00008', 'Iron Man Civil War','2008','Action','7.6','0005','0004');
INSERT INTO MOVIES (Movie_ID , Title , Release_year , Genre , Rating, Director_ID ,
PC_ID)
VALUES ('00009', 'The Post','2017','Thriller','7.2','0002','0003');
INSERT INTO MOVIES (Movie_ID , Title , Release_year , Genre , Rating, Director_ID ,
PC_ID)
VALUES ('00010', 'The Godfather','1972','Drama','9.4','0006','0005');
